Workbook

Sheet tickets
A1: ticket_id | B1: created_at | C1: closed_at | D1: outlet_id | E1: cms_id | F1: same day | G1: Same Hour? | H1: same day count | I1: same hour count
A2: isu-sjd-457 | B2: 44427.698 | C2: 44430.523 | D2: wrqy-juv-978 | E2: vew-iuvd-12 | F2: =INT(B2)=INT(C2) -> FALSE | G2: =AND(INT(B2)=INT(C2), HOUR(B2)=HOUR(C2)) -> FALSE | H2: =COUNTIFS(D:D,"wrqy-juv-978",F:F,TRUE) -> 2 | I2: =COUNTIFS(D:D,"wrqy-juv-978",G:G,TRUE) -> 1
A3: qer-fal-092 | B3: 44429.465 | C3: 44429.718 | D3: 8woh-k3u-23b | E3: vew-iuvd-13 | F3: =INT(B3)=INT(C3) -> TRUE | G3: =AND(INT(B3)=INT(C3), HOUR(B3)=HOUR(C3)) -> FALSE | H3: =COUNTIFS(D:D,"8woh-k3u-23b",F:F,TRUE) -> 3 | I3: =COUNTIFS(D:D,"8woh-k3u-23b",G:G,TRUE) -> 1
A4: isu-sjd-457 | B4: 44427.417 | C4: 44427.438 | D4: wrqy-juv-978 | E4: vew-iuvd-21 | F4: =INT(B4)=INT(C4) -> TRUE | G4: =AND(INT(B4)=INT(C4), HOUR(B4)=HOUR(C4)) -> TRUE
A5: qer-fal-092 | B5: 44427.458 | C5: 44427.5 | D5: wrqy-juv-978 | E5: vew-iuvd-22 | F5: =INT(B5)=INT(C5) -> TRUE | G5: =AND(INT(B5)=INT(C5), HOUR(B5)=HOUR(C5)) -> FALSE
A6: xzt-lop-321 | B6: 44427.542 | C6: 44428.562 | D6: wrqy-juv-978 | E6: vew-iuvd-14 | F6: =INT(B6)=INT(C6) -> FALSE | G6: =AND(INT(B6)=INT(C6), HOUR(B6)=HOUR(C6)) -> FALSE
A7: abc-xyz-111 | B7: 44428.375 | C7: 44428.385 | D7: 8woh-k3u-23b | E7: vew-iuvd-15 | F7: =INT(B7)=INT(C7) -> TRUE | G7: =AND(INT(B7)=INT(C7), HOUR(B7)=HOUR(C7)) -> TRUE
A8: def-uvw-222 | B8: 44428.417 | C8: 44428.479 | D8: 8woh-k3u-23b | E8: vew-iuvd-16 | F8: =INT(B8)=INT(C8) -> TRUE | G8: =AND(INT(B8)=INT(C8), HOUR(B8)=HOUR(C8)) -> FALSE
A9: ghi-rst-333 | B9: 44428.5 | C9: 44429.521 | D9: 8woh-k3u-23b | E9: vew-iuvd-17 | F9: =INT(B9)=INT(C9) -> FALSE | G9: =AND(INT(B9)=INT(C9), HOUR(B9)=HOUR(C9)) -> FALSE
A10: jkl-opq-444 | B10: 44429.583 | C10: 44429.59 | D10: zxc-vbn-456 | E10: vew-iuvd-18 | F10: =INT(B10)=INT(C10) -> TRUE | G10: =AND(INT(B10)=INT(C10), HOUR(B10)=HOUR(C10)) -> TRUE | H10: =COUNTIFS(D:D,"zxc-vbn-456",F:F,TRUE) -> 2 | I10: =COUNTIFS(D:D,"zxc-vbn-456",G:G,TRUE) -> 1
A11: mno-lmn-555 | B11: 44429.625 | C11: 44429.667 | D11: zxc-vbn-456 | E11: vew-iuvd-19 | F11: =INT(B11)=INT(C11) -> TRUE | G11: =AND(INT(B11)=INT(C11), HOUR(B11)=HOUR(C11)) -> FALSE
A12: pqr-hjk-666 | B12: 44429.708 | C12: 44430.75 | D12: zxc-vbn-456 | E12: vew-iuvd-20 | F12: =INT(B12)=INT(C12) -> FALSE | G12: =AND(INT(B12)=INT(C12), HOUR(B12)=HOUR(C12)) -> FALSE

Sheet feedbacks
A1: cms_id | B1: feedback_at | C1: feedback_rating | D1: ticket_created_at
A2: vew-iuvd-12 | B2: 44429.56 | C2: 3 | D2: =INDEX(tickets!B:B, MATCH(A2, tickets!E:E, 0)) -> 44427.698
A3: vew-iuvd-13 | B3: 44429.583 | C3: 4 | D3: =INDEX(tickets!B:B, MATCH(A3, tickets!E:E, 0)) -> 44429.465
A4: vew-iuvd-21 | B4: 44427.458 | C4: 3 | D4: =INDEX(tickets!B:B, MATCH(A4, tickets!E:E, 0)) -> 44427.417
A5: vew-iuvd-22 | B5: 44427.521 | C5: 4 | D5: =INDEX(tickets!B:B, MATCH(A5, tickets!E:E, 0)) -> 44427.458
A6: vew-iuvd-14 | B6: 44428.583 | C6: 2 | D6: =INDEX(tickets!B:B, MATCH(A6, tickets!E:E, 0)) -> 44427.542
A7: vew-iuvd-15 | B7: 44428.417 | C7: 5 | D7: =INDEX(tickets!B:B, MATCH(A7, tickets!E:E, 0)) -> 44428.375
A8: vew-iuvd-16 | B8: 44428.5 | C8: 4 | D8: =INDEX(tickets!B:B, MATCH(A8, tickets!E:E, 0)) -> 44428.417
A9: vew-iuvd-17 | B9: 44429.542 | C9: 3 | D9: =INDEX(tickets!B:B, MATCH(A9, tickets!E:E, 0)) -> 44428.5
A10: vew-iuvd-18 | B10: 44429.625 | C10: 5 | D10: =INDEX(tickets!B:B, MATCH(A10, tickets!E:E, 0)) -> 44429.583
A11: vew-iuvd-19 | B11: 44429.708 | C11: 4 | D11: =INDEX(tickets!B:B, MATCH(A11, tickets!E:E, 0)) -> 44429.625
A12: vew-iuvd-20 | B12: 44430.792 | C12: 2 | D12: =INDEX(tickets!B:B, MATCH(A12, tickets!E:E, 0)) -> 44429.708
